Name,Net_Chg,Tot_Ret,Last_Px,Low_Date,Low,High_Date,High,Volume,Market_Cap,Currency,
3M Co,-1.62,-1.217000008,131.49,3/4/2024,75.656,10/22/2024,141.28,1010912,71604062910,USD,
A O Smith Corp,1.28,1.762799978,73.89,11/20/2024,70.76,7/18/2024,92.39,390761,8801037900,USD,
Abbott Laboratories,-0.7,-0.605499983,114.9,7/18/2024,99.71,3/8/2024,121.64,1703362,1.99289E+11,USD,
AbbVie Inc,0.38,0.215700001,176.57,12/12/2023,150.18,10/31/2024,207.18,1249816,3.12024E+11,USD,
Accenture PLC,-3.2,-0.882300019,359.5,5/31/2024,278.69,3/7/2024,387.38,618801,2.25185E+11,USD,
Adobe Inc,-5.03,-0.909600019,547.93,5/31/2024,433.98,2/2/2024,638.23,1211378,2.41199E+11,USD,
Advanced Micro Devices Inc,-7.72,-5.570400238,130.87,8/5/2024,121.83,3/8/2024,227.29,12971429,2.12377E+11,USD,
AES Corp/The,0.55,4.214600086,13.6,11/26/2024,12.53,5/31/2024,22.21,4142071,9669967200,USD,
Aflac Inc,-2.31,-2.15260005,105,2/1/2024,75.08,10/4/2024,115.5,700533,58330440000,USD,
Agilent Technologies Inc,3.42,2.432800055,144,7/9/2024,124.21,5/17/2024,155.21,428637,41375232000,USD,
Air Products and Chemicals Inc,-3.49,-1.090299964,316.62,2/6/2024,212.27,12/3/2024,337,270915,70409638980,USD,
Airbnb Inc,0.35,0.255600005,137.27,8/7/2024,110.4,3/21/2024,170.09,1308418,60399074540,USD,
Akamai Technologies Inc,1.06,1.08099997,99.12,11/19/2024,84.71,2/9/2024,129.15,408967,14890500240,USD,
Albemarle Corp,4.7,4.477900028,109.66,8/14/2024,71.97,12/22/2023,153.51,584870,12889436400,USD,
Alexandria Real Estate Equitie,2.9,2.792500019,106.75,11/20/2024,102.89,12/14/2023,135.39,413736,18655843500,USD,
Align Technology Inc,5.22,2.246599913,237.57,8/5/2024,196.09,3/21/2024,334.35,197349,17735313210,USD,
Allegion plc,0.94,0.669099987,141.43,12/8/2023,107,10/18/2024,155.44,287906,12294368470,USD,
Alliant Energy Corp,-0.15,-0.245700002,60.91,3/1/2024,46.8,11/27/2024,64.05,696147,15629445090,USD,
Allstate Corp/The,-4.6,-2.258899927,199.04,12/21/2023,134.23,11/27/2024,209.8,706001,52706389120,USD,
Alphabet Inc,0.86,0.492799997,175.37,12/14/2023,129.69,7/10/2024,191.75,8716261,1.02469E+12,USD,
Alphabet Inc,0.81,0.459500015,177.1,12/14/2023,131.065,7/10/2024,193.3,5969202,9.80071E+11,USD,
Altria Group Inc,-1.46,-2.547100067,55.86,3/4/2024,39.26,11/27/2024,58.03,2880721,94672254180,USD,
Amazon.com Inc,-0.94,-0.414000005,226.09,12/11/2023,143.65,12/9/2024,230.08,15323757,2.37734E+12,USD,
Amcor PLC,0.02,0.196500003,10.2,2/13/2024,8.78,9/27/2024,11.475,3126806,14742498600,USD,
Amentum Holdings Inc,0.58,2.503200054,23.75,11/19/2024,21.24,9/24/2024,34.5,666684,5778208750,USD,
Ameren Corp,-0.62,-0.675499976,91.17,2/13/2024,67.05,11/27/2024,95.69,462418,24297716700,USD,
American Electric Power Co Inc,-0.27,-0.281699985,95.58,2/8/2024,75.22,9/16/2024,105.17,1083705,50902562700,USD,
American Express Co,-7.27,-2.391499996,296.72,12/8/2023,167.59,11/27/2024,307.82,634419,2.09023E+11,USD,
American International Group I,-1.48,-1.958699942,74.08,12/8/2023,65.2,5/10/2024,80.82,1686153,46208807520,USD,
American Tower Corp,1.94,0.936699986,209.04,4/30/2024,170.5,9/10/2024,243.56,718959,97682092560,USD,
American Water Works Co Inc,-1.65,-1.246500015,130.72,4/16/2024,113.39,9/17/2024,150.68,374446,25476543680,USD,
Ameriprise Financial Inc,-7.72,-1.374799967,553.83,12/8/2023,352.32,11/25/2024,577,237326,53729817450,USD,
AMETEK Inc,-1.65,-0.861400008,189.89,8/5/2024,149.51,11/25/2024,198.02,349346,43923076120,USD,
Amgen Inc,5.05,1.852699995,277.63,11/26/2024,257.81,7/25/2024,346.7,1067793,1.49235E+11,USD,
Amphenol Corp,-0.54,-0.727699995,73.67,12/8/2023,46.21,11/25/2024,74.91,1603571,88817509710,USD,
Analog Devices Inc,1.76,0.810000002,219.04,1/4/2024,181.9,7/17/2024,244.08,881758,1.08709E+11,USD,
ANSYS Inc,-2.79,-0.808000028,342.51,12/11/2023,288.12,12/29/2023,364.31,290106,29952499500,USD,
Aon PLC,-10.1,-2.671999931,367.9,4/26/2024,272.51,11/27/2024,395.12,717394,79564261400,USD,
APA Corp,0.83,3.874900103,22.25,12/6/2024,20.955,12/27/2023,37.81,3163211,8231320750,USD,
Apple Inc,3.91,1.610100031,246.75,4/19/2024,164.08,12/9/2024,247.24,15155329,3.72983E+12,USD,
Applied Materials Inc,-1.16,-0.670400023,171.86,12/8/2023,146,7/10/2024,255.89,3160982,1.41682E+11,USD,
Aptiv PLC,0.73,1.288200021,57.4,11/19/2024,51.6,1/2/2024,91.64,1568319,13491066400,USD,
Arch Capital Group Ltd,-1.93,-1.972800016,95.9,12/15/2023,69.273,10/10/2024,110.6086,605966,36081607800,USD,
Archer-Daniels-Midland Co,0.56,1.089100003,51.98,11/5/2024,48.94,12/14/2023,77.34,733894,24874197320,USD,
Arista Networks Inc,-2.33,-2.152400017,105.92,12/11/2023,55.72,12/6/2024,110.7,1438797,1.33434E+11,USD,
Arthur J Gallagher & Co,-4.86,-1.638000011,291.85,12/21/2023,218.83,11/29/2024,316.72,807967,64031890000,USD,
Assurant Inc,-4.79,-2.143899918,218.63,7/8/2024,160.12,11/25/2024,230.46,96896,11212876810,USD,
AT&T Inc,-0.51,-2.135699987,23.37,4/16/2024,15.95,12/3/2024,24.03,8418715,1.67687E+11,USD,
Atmos Energy Corp,-0.91,-0.640999973,141.05,2/13/2024,110.48,11/27/2024,152.57,236784,21919170000,USD,
Autodesk Inc,0.84,0.273000002,308.55,5/31/2024,195.32,11/25/2024,326.55,554965,66338250000,USD,
Automatic Data Processing Inc,-7,-2.298399925,297.56,12/21/2023,227.15,11/27/2024,309.62,889559,1.21243E+11,USD,
AutoZone Inc,14.57,0.440299988,3324.01,1/9/2024,2512.69,12/9/2024,3340.76,42716,56189065040,USD,
AvalonBay Communities Inc,0.44,0.194199994,226.99,2/13/2024,169.63,11/27/2024,239.01,254694,32286376630,USD,
Avery Dennison Corp,1.54,0.760500014,204.04,12/12/2023,190.05,7/23/2024,231.53,152074,16393797840,USD,
Axon Enterprise Inc,-45.1,-6.558199883,642.59,12/11/2023,235.33,12/6/2024,698.14,327611,49000700450,USD,
Baker Hughes Co,0.12,0.290499985,41.43,2/5/2024,28.32,11/21/2024,45.17,2719926,40996062180,USD,
Ball Corp,0.56,0.980599999,57.67,1/19/2024,54.08,4/30/2024,71.31,669519,17210227420,USD,
Bank of America Corp,-0.84,-1.796800017,45.91,12/12/2023,30.45,11/29/2024,48.075,11357861,3.52262E+11,USD,
Bank of New York Mellon Corp/T,0.1,0.124200001,80.61,12/8/2023,48.34,11/29/2024,82.715,1615465,58609757580,USD,
Baxter International Inc,0.05,0.157199994,31.85,11/15/2024,31.61,3/8/2024,44.005,1125688,16262227800,USD,
Becton Dickinson & Co,4.03,1.840399981,223.01,7/10/2024,218.77,1/9/2024,249.73,681928,64477097220,USD,
Berkshire Hathaway Inc,-6.63,-1.409100056,463.87,12/8/2023,351.05,11/27/2024,491.66,1086770,6.16227E+11,USD,
Best Buy Co Inc,-0.85,-0.963999987,87.32,5/23/2024,69.29,8/29/2024,103.47,888928,18668666720,USD,
Bio-Techne Corp,2.89,3.878700018,77.4,4/18/2024,61.17,5/15/2024,85.51,296109,12298240800,USD,
Biogen Inc,-1.32,-0.836600006,156.46,11/20/2024,153.63,1/3/2024,268.27,563772,22799194740,USD,
Blackrock Inc,3.51,0.336600006,1046.38,12/11/2023,745.8,11/11/2024,1067.02,198701,1.62062E+11,USD,
Blackstone Inc,-1.65,-0.882399976,185.35,12/8/2023,111.72,11/25/2024,200.76,783325,1.33823E+11,USD,
Boeing Co/The,3.11,2.020400047,157.04,11/15/2024,137.07,12/21/2023,267.54,2543022,1.17336E+11,USD,
Booking Holdings Inc,-150.74,-2.844000101,5149.6,8/5/2024,3188,12/5/2024,5330,92432,1.70436E+11,USD,
BorgWarner Inc,0.5,1.479300022,34.3,2/20/2024,29.51,5/14/2024,38.22,809403,7501410000,USD,
Boston Scientific Corp,-1.35,-1.498800039,88.72,12/8/2023,54.53,11/22/2024,91.87,1428536,1.30758E+11,USD,
Bristol-Myers Squibb Co,-0.67,-1.128299952,58.71,7/5/2024,39.355,11/11/2024,61.08,2392845,1.19074E+11,USD,
Broadcom Inc,-0.59,-0.328599989,178.94,12/8/2023,91.057,10/9/2024,186.42,7576990,8.35753E+11,USD,
Broadridge Financial Solutions,-1.86,-0.790000021,233.57,5/8/2024,188.69,12/6/2024,237.88,160965,27301763730,USD,
Brown & Brown Inc,-3.5,-3.205699921,105.68,12/15/2023,69.14,11/27/2024,114.1,564037,30220041440,USD,
Brown-Forman Corp,0.81,1.823899984,45.22,11/20/2024,39.96,3/5/2024,60.97,1159781,13725988360,USD,
Builders FirstSource Inc,1.07,0.60860002,176.89,7/5/2024,130.85,3/21/2024,214.65,217877,20357385650,USD,
Bunge Global SA,1.5,1.785699964,85.5,11/5/2024,82.18,7/26/2024,114.86,559662,11938108500,USD,
BXP Inc,2.67,3.323400021,83.01,5/29/2024,56.5,10/18/2024,90.09,449530,13124794110,USD,
Cadence Design Systems Inc,2.24,0.728399992,309.75,8/5/2024,241.43,6/20/2024,328.79,551709,84952964250,USD,
Caesars Entertainment Inc,-0.94,-2.5,36.66,5/30/2024,31.75,12/14/2023,50.49,1288943,7789516800,USD,
Camden Property Trust,0.87,0.713699996,122.77,2/13/2024,90.57,9/24/2024,127.69,167757,13097226370,USD,
Capital One Financial Corp,-3.24,-1.723799944,184.72,12/8/2023,114.91,11/6/2024,198.3,997696,70472527200,USD,
Cardinal Health Inc,-1.18,-0.961199999,121.58,7/15/2024,93.17,12/4/2024,126.15,723770,29423575800,USD,
CarMax Inc,0.97,1.124899983,87.2,12/12/2023,65.39,3/28/2024,88.13,924132,13509372800,USD,
Carnival Corp,-1.22,-4.584700108,25.39,8/5/2024,13.78,12/5/2024,27.16,3525850,29304249350,USD,
Carrier Global Corp,-0.47,-0.638000011,73.2,2/20/2024,53.13,10/15/2024,83.3,1119359,65677016400,USD,
Catalent Inc,0.54,0.873399973,62.37,12/12/2023,36.74,12/9/2024,62.37,820672,11320903440,USD,
Caterpillar Inc,4.23,1.070799947,399.26,12/8/2023,257.38,11/7/2024,418.33,448598,1.92764E+11,USD,
Cboe Global Markets Inc,-2.39,-1.171599984,201.6,6/17/2024,166.49,11/27/2024,221.64,320215,21104697600,USD,
CBRE Group Inc,-0.59,-0.427899987,137.29,12/12/2023,81.65,11/27/2024,141.77,435456,42013211220,USD,
CDW Corp/DE,2.4,1.332900047,182.46,11/20/2024,173.03,4/4/2024,263.37,548501,24315349440,USD,
Celanese Corp,1.88,2.665199995,72.42,12/6/2024,68.88,3/28/2024,172.16,739646,7916375040,USD,
Cencora Inc,-2.9,-1.191400051,240.51,12/14/2023,196.25,11/29/2024,253.23,409331,46485772800,USD,
Centene Corp,1.73,3.047899961,58.49,12/6/2024,56.44,2/26/2024,81.41,1470860,29529553850,USD,
CenterPoint Energy Inc,-0.3,-0.947600007,31.36,8/15/2024,25.41,12/3/2024,33,1260621,20438158720,USD,
CF Industries Holdings Inc,-0.22,-0.248799995,88.22,7/8/2024,69.17,12/4/2024,94.29,325383,15352044400,USD,
CH Robinson Worldwide Inc,2.71,2.5704,108.14,4/17/2024,65,10/16/2024,113,478865,12782688700,USD,
Charles River Laboratories Int,9.94,5.182199955,201.75,10/31/2024,176.62,3/8/2024,274.69,185518,10316688000,USD,
Charles Schwab Corp/The,0.04,0.0491,81.51,1/17/2024,59.67,11/29/2024,83.335,2236032,1.4506E+11,USD,
Charter Communications Inc,-37.1,-9.204600334,365.96,4/26/2024,237.13,11/13/2024,415.065,587431,52038414120,USD,
Chevron Corp,1.84,1.185299993,157.08,9/11/2024,135.38,4/29/2024,167.11,2258665,2.82287E+11,USD,
Chipotle Mexican Grill Inc,-0.82,-1.253800035,64.58,1/8/2024,44.202,6/18/2024,69.154,2062028,87996255940,USD,
Chubb Ltd,-6,-2.1177001,277.32,12/21/2023,216.91,10/17/2024,302.04,704382,1.11787E+11,USD,
Church & Dwight Co Inc,-1.32,-1.23119998,105.89,12/15/2023,90.26,12/2/2024,113.44,436296,25942838220,USD,
Cigna Group/The,1.34,0.421600014,319.15,12/8/2023,253.98,9/16/2024,370.3,476727,88772529950,USD,
Cincinnati Financial Corp,-2.38,-1.525300026,153.65,12/21/2023,100.34,11/27/2024,161.645,174147,24017799750,USD,
Cintas Corp,-15.41,-6.888400078,208.3,12/8/2023,137.365,11/26/2024,228.09,1295671,84007181700,USD,
Cisco Systems Inc,-0.94,-1.569499969,58.95,8/6/2024,44.65,12/5/2024,60.23,6549388,2.34784E+11,USD,
Citigroup Inc,-0.29,-0.401899993,71.86,12/12/2023,47.71,12/5/2024,72.84,2904791,1.35906E+11,USD,
Citizens Financial Group Inc,-1.06,-2.253900051,45.97,12/8/2023,29.16,11/25/2024,49.245,1634054,20258979000,USD,
Clorox Co/The,0.43,0.257499993,167.4,5/29/2024,127.62,11/22/2024,171.31,386426,20720939400,USD,
CME Group Inc,-1.51,-0.63380003,236.72,6/18/2024,190.73,12/5/2024,249,876262,85304182480,USD,
CMS Energy Corp,0.48,0.714600027,67.65,2/13/2024,55.11,10/24/2024,72.38,832391,20212805250,USD,
Coca-Cola Co/The,0.07,0.111900002,62.6,12/21/2023,57.47,9/4/2024,73.52,5093841,2.69668E+11,USD,
Cognizant Technology Solutions,-0.505,-0.622300029,80.64,6/17/2024,63.8,11/13/2024,82.41,1102596,39983247360,USD,
Colgate-Palmolive Co,-1.29,-1.368999958,92.94,12/15/2023,75.5,9/5/2024,109.3,1511055,75933002340,USD,
Comcast Corp,-4.1,-9.501700401,39.05,4/26/2024,36.43,2/1/2024,47.11,12039221,1.49058E+11,USD,
Conagra Brands Inc,0.5,1.835500002,27.74,11/15/2024,26.22,9/10/2024,33.23,1331607,13239553020,USD,
ConocoPhillips,-0.06,-0.0581,103.16,9/11/2024,101.3,4/12/2024,135.18,2263174,1.33444E+11,USD,
Consolidated Edison Inc,-0.04,-0.042199999,94.78,3/1/2024,85.85,10/24/2024,107.72,989755,32832929360,USD,
Constellation Brands Inc,5.31,2.221800089,244.31,11/6/2024,225,4/11/2024,274,302395,44351060160,USD,
Constellation Energy Corp,-13.78,-5.433100224,239.85,1/17/2024,109.46,10/7/2024,288.64,1193340,75581771850,USD,
Cooper Cos Inc/The,0.56,0.567399979,99.26,12/11/2023,83.4625,9/16/2024,112.34,766657,19810608580,USD,
Copart Inc,-0.31,-0.49939999,61.77,1/5/2024,46.26,11/27/2024,64.38,1866108,59517124560,USD,
Corning Inc,-1.05,-2.118599892,48.51,12/8/2023,29.01,10/29/2024,51.02,938319,41534698590,USD,
Corpay Inc,-4.04,-1.104500055,361.72,6/17/2024,247.19,12/2/2024,384.54,252706,25215862920,USD,
Corteva Inc,0.25,0.42019999,59.74,1/19/2024,44.05,11/25/2024,64.2,1137148,41354835780,USD,
CoStar Group Inc,1.33,1.720100045,78.65,10/23/2024,68.26,3/18/2024,100.38,878854,32243275350,USD,
Costco Wholesale Corp,-4.75,-0.478500009,987.86,12/8/2023,594.442,12/6/2024,997.6,588834,4.37694E+11,USD,
Coterra Energy Inc,-0.07,-0.280800015,24.86,9/11/2024,22.305,4/4/2024,28.89,1377395,18312199180,USD,
Crowdstrike Holdings Inc,-12.05,-3.29550004,353.6,8/5/2024,201,7/9/2024,398,975334,82689713600,USD,
Crown Castle Inc,0.15,0.147300005,102,4/18/2024,92.5,9/16/2024,120.91,1061600,44328996000,USD,
CSX Corp,-0.48,-1.393300056,33.97,6/14/2024,31.74,2/23/2024,40.05,4159500,65508393430,USD,
Cummins Inc,3.82,1.006299973,383.42,1/19/2024,226.74,12/9/2024,387.1,269127,52598322440,USD,
CVS Health Corp,0.78,1.410699964,56.07,11/15/2024,52.72,1/8/2024,83.25,3169764,70558936560,USD,
Danaher Corp,5.79,2.51609993,235.91,12/8/2023,215.68,8/1/2024,281.38,758737,1.70392E+11,USD,
Darden Restaurants Inc,-1.11,-0.653900027,168.64,7/11/2024,136.11,11/25/2024,177.49,400349,19815200000,USD,
DaVita Inc,-2.19,-1.366600037,158.06,1/23/2024,103.4,11/27/2024,169.48,178568,12960920000,USD,
Dayforce Inc,0.67,0.852900028,79.23,7/9/2024,47.08,11/25/2024,82.6,267563,12494571000,USD,
Deckers Outdoor Corp,2,1.002300024,201.55,1/5/2024,108.648,12/4/2024,206.99,494602,30619879100,USD,
Deere & Co,5.41,1.218500018,449.41,8/5/2024,340.8,11/25/2024,469.39,330162,1.22959E+11,USD,
Dell Technologies Inc,0.41,0.332300007,123.81,12/8/2023,68.43,5/29/2024,179.7,1466152,41337063750,USD,
Delta Air Lines Inc,-2.27,-3.517699957,62.26,1/16/2024,36.34,12/5/2024,67.5,2200042,40175195060,USD,
Devon Energy Corp,0.52,1.486099958,35.51,12/6/2024,34.76,4/12/2024,55.09,2757638,23326519000,USD,
Dexcom Inc,0.69,0.887799978,78.41,7/26/2024,62.34,4/9/2024,141.99,1142036,30626553950,USD,
Diamondback Energy Inc,0.29,0.173800007,167.12,12/12/2023,146.86,7/17/2024,214.5,646998,48797201680,USD,
Digital Realty Trust Inc,-4.52,-2.345700026,188.17,1/5/2024,130,11/29/2024,198,657631,62418435210,USD,
Discover Financial Services,-2.46,-1.372599959,176.76,1/18/2024,96.46,11/6/2024,187.75,486525,44379486720,USD,
Dollar General Corp,-0.79,-0.968299985,80.8,11/20/2024,72.13,3/14/2024,167.85,932443,17770020800,USD,
Dollar Tree Inc,-0.27,-0.375699997,71.6,11/12/2024,60.49,3/5/2024,151.16,1099431,15396792400,USD,
Dominion Energy Inc,-0.46,-0.82069999,55.59,2/13/2024,43.54,11/1/2024,61.97,2382444,46696155900,USD,
Domino's Pizza Inc,-1.85,-0.402500004,457.74,12/13/2023,393,4/30/2024,542.08,116498,15806677680,USD,
Dover Corp,0.28,0.138999999,201.74,12/8/2023,143.44,11/27/2024,207.71,140675,27677114080,USD,
Dow Inc,0.74,1.762300014,42.73,12/6/2024,41.74,4/4/2024,60.685,4359822,29914931160,USD,
DR Horton Inc,2.45,1.545600057,160.96,7/2/2024,133.14,9/19/2024,199.6,1080052,51695362240,USD,
DTE Energy Co,0.23,0.189199999,121.8,1/24/2024,102.17,10/24/2024,131.51,384581,25203465000,USD,
Duke Energy Corp,-0.24,-0.214100003,111.86,3/1/2024,90.13,10/21/2024,121.25,876523,86244060000,USD,
DuPont de Nemours Inc,0.72,0.869400024,83.54,2/2/2024,61.14,9/27/2024,90.04,680798,34915960700,USD,
Eastman Chemical Co,-0.99,-0.979499996,100.08,2/2/2024,80.82,9/27/2024,114.49,331660,11600573040,USD,
Eaton Corp PLC,-7.16,-1.928799987,364.06,12/8/2023,228.18,11/26/2024,379.95,569903,1.43877E+11,USD,
eBay Inc,1.52,2.389199972,65.14,1/16/2024,40.165,10/15/2024,67.8,2101299,31202060000,USD,
Ecolab Inc,-0.94,-0.375499994,249.4,12/8/2023,190.96,10/18/2024,262.55,348272,70620602800,USD,
Edison International,-0.93,-1.107800007,83.02,2/13/2024,63.16,9/4/2024,88.77,653957,32141193000,USD,
Edwards Lifesciences Corp,-0.63,-0.880699992,70.9,7/25/2024,58.94,3/28/2024,96.065,819957,41816820000,USD,
Electronic Arts Inc,-1.4,-0.83829999,165.61,5/9/2024,124.97,11/22/2024,168.5,437650,43435031530,USD,
Elevance Health Inc,13.52,3.538000107,395.66,12/6/2024,379.66,9/3/2024,567.03,544496,91762654180,USD,
Eli Lilly & Co,-23.13,-2.797800064,803.58,12/15/2023,561.65,8/27/2024,972.24,817949,7.62851E+11,USD,
Emerson Electric Co,-0.55,-0.4199,130.43,12/12/2023,89.17,12/4/2024,134.85,915128,74283928330,USD,
Enphase Energy Inc,4.83,6.749599934,76.39,11/18/2024,58.43,6/12/2024,141.52,1195613,10320823730,USD,
Entergy Corp,-2,-1.319599986,149.56,2/13/2024,96.2,11/27/2024,158.03,430013,32066860480,USD,
EOG Resources Inc,0.04,0.031300001,127.85,2/5/2024,108.94,4/12/2024,139.64,890789,71909232500,USD,
EPAM Systems Inc,1.75,0.713,247.2,6/18/2024,169.45,3/7/2024,316.21,237710,14021431200,USD,
EQT Corp,-0.06,-0.138500005,43.27,8/5/2024,30.02,11/21/2024,48.01,1379269,25818516680,USD,
Equifax Inc,-1.96,-0.734600008,264.86,4/19/2024,213.09,9/16/2024,309,335230,32829926720,USD,
Equinix Inc,-16.02,-1.626399994,968.98,5/8/2024,685.17,11/27/2024,992.18,154522,93494942240,USD,
Equity Residential,-0.09,-0.122000001,73.66,2/13/2024,57.33,9/16/2024,78.81,468182,27948740140,USD,
Erie Indemnity Co,-2.16,-0.524399996,409.71,12/11/2023,307.67,9/25/2024,545.82,46088,18924095190,USD,
Essex Property Trust Inc,0.9,0.299899995,301,2/13/2024,223.19,9/17/2024,316.81,126294,19344367000,USD,
Estee Lauder Cos Inc/The,2.36,2.975300074,81.68,11/12/2024,62.3,2/5/2024,159.75,1317416,19067052480,USD,
Everest Group Ltd,-3.23,-0.869700015,368.17,2/8/2024,344.25,10/4/2024,407.26,89083,15823578430,USD,
Evergy Inc,-0.49,-0.778299987,62.47,2/8/2024,48.045,11/27/2024,65.46,650952,14352232620,USD,
Eversource Energy,0.47,0.786199987,60.25,1/23/2024,52.09,9/5/2024,69.01,713379,22075720500,USD,
Exelon Corp,-0.41,-1.083199978,37.44,2/9/2024,33.35,12/14/2023,41.42,2767921,37620984960,USD,
Expedia Group Inc,-1.2,-0.629199982,189.52,5/29/2024,107.26,12/9/2024,192.28,326415,23277414960,USD,
Expeditors International of Wa,1.36,1.140200019,120.64,4/30/2024,111.23,9/30/2024,131.58,271894,16886704640,USD,
Extra Space Storage Inc,0.97,0.593100011,164.51,4/24/2024,131.02,9/18/2024,184.5,278827,34873487840,USD,
Exxon Mobil Corp,-0.67,-0.589900017,112.9,1/22/2024,95.77,10/7/2024,126.34,4782977,4.96206E+11,USD,
F5 Inc,0.78,0.303299993,257.92,4/30/2024,159.18,12/9/2024,260,176915,15117980800,USD,
FactSet Research Systems Inc,-2.21,-0.460399985,477.76,6/5/2024,392.52,11/14/2024,499.87,76333,18149624640,USD,
Fair Isaac Corp,-144.72,-6.10160017,2227.11,4/26/2024,1107.13,12/6/2024,2400,41616,54225674280,USD,
Fastenal Co,-0.73,-0.900699973,80.32,1/9/2024,61.33,11/11/2024,84.87,1035203,46014203520,USD,
Federal Realty Investment Trus,0.32,0.280999988,114.21,4/16/2024,96.04,9/16/2024,118.14,188966,9703738440,USD,
FedEx Corp,0.23,0.0823,279.53,2/16/2024,234.5,7/16/2024,313.8,331932,68295608190,USD,
Fidelity National Information,-1.2,-1.412099957,83.78,12/13/2023,57.14,11/4/2024,91.97,864234,45103298120,USD,
Fifth Third Bancorp,-0.68,-1.440400004,46.53,12/13/2023,30.47,11/25/2024,49.07,1782817,31200365790,USD,
First Solar Inc,5.81,2.991899967,200,2/5/2024,135.9,6/12/2024,306.65,665449,21411600000,USD,
FirstEnergy Corp,-0.16,-0.390500009,40.81,2/8/2024,35.41,9/5/2024,44.9,625793,23519496770,USD,
Fiserv Inc,-4.39,-2.117899895,202.89,1/3/2024,131.41,11/26/2024,223.23,1679826,1.15428E+11,USD,
FMC Corp,1.6,2.827899933,58.18,2/21/2024,50.04,5/13/2024,68.71,291000,7262958480,USD,
Ford Motor Co,0.09,0.856299996,10.6,8/5/2024,9.49,7/18/2024,14.85,9120297,41376432200,USD,
Fortinet Inc,-2.17,-2.187299967,97.04,12/8/2023,50.97,11/13/2024,100.59,1732369,74376599120,USD,
Fortive Corp,-0.44,-0.557699978,78.45,8/5/2024,66.35,3/22/2024,87.1,613609,27218149050,USD,
Fox Corp,-0.77,-1.638299942,46.23,3/6/2024,28.29,11/14/2024,47.585,1939296,10223995650,USD,
Fox Corp,-0.89,-1.993700027,43.75,3/6/2024,25.815,11/29/2024,44.89,500759,10306668750,USD,
Franklin Resources Inc,0.38,1.73360002,22.3,9/11/2024,18.95,12/27/2023,30.32,1441229,11677796400,USD,
Freeport-McMoRan Inc,1.66,3.945800066,43.73,2/13/2024,36.26,5/20/2024,55.23,4422371,62836861440,USD,
Garmin Ltd,0.75,0.343100011,219.33,2/1/2024,119.15,12/9/2024,220,210758,42116843250,USD,
Gartner Inc,-2.93,-0.566299975,514.44,4/30/2024,411.35,11/11/2024,555.87,173881,39680814960,USD,
GE HealthCare Technologies Inc,0.66,0.812399983,81.9,12/8/2023,67.05,3/8/2024,94.49,805371,37417898700,USD,
GE Vernova Inc,-11.26,-3.249500036,335.25,3/27/2024,115,11/21/2024,356.73,493183,92412668250,USD,
Gen Digital Inc,-0.67,-2.150899887,30.48,2/2/2024,19.095,12/4/2024,31.715,1023145,18781928400,USD,
Generac Holdings Inc,-2.31,-1.288900018,176.91,2/26/2024,108.9,11/11/2024,195.86,286571,10525614270,USD,
General Dynamics Corp,-2.23,-0.820500016,269.57,1/18/2024,247.38,11/13/2024,316.85,722688,74123393330,USD,
General Electric Co,-4.26,-2.426199913,171.32,12/8/2023,94.906,10/17/2024,194.8,1495601,1.85419E+11,USD,
General Mills Inc,0.83,1.275699973,65.89,2/14/2024,61.48,9/10/2024,75.89,1137596,36579426510,USD,
General Motors Co,-0.7,-1.310600042,52.71,12/13/2023,32.825,11/25/2024,61.14,2650458,57959705160,USD,
Genuine Parts Co,2.5,2.025599957,125.92,10/22/2024,112.74,4/18/2024,164.26,374179,17507413120,USD,
Gilead Sciences Inc,-1.54,-1.671599984,90.59,5/31/2024,62.07,11/11/2024,98.9,3053617,1.12899E+11,USD,
Global Payments Inc,-1.04,-0.882600009,116.79,6/18/2024,91.6,2/15/2024,141.65,671555,29722471050,USD,
Globe Life Inc,-0.5,-0.477299988,104.26,4/11/2024,38.95,2/22/2024,131.99,286859,8752105700,USD,
GoDaddy Inc,-3.17,-1.534700036,203.39,1/5/2024,99.95,12/5/2024,210.21,416704,28554125490,USD,
Goldman Sachs Group Inc/The,-5.56,-0.927200019,594.12,12/8/2023,344.31,11/29/2024,612.5,471308,1.865E+11,USD,
Halliburton Co,0.3,1.042400002,29.08,10/28/2024,27.26,4/8/2024,41.55,2327860,25546838160,USD,
Hartford Financial Services Gr,-3.33,-2.785700083,116.21,12/8/2023,77.83,11/27/2024,124.87,582921,33688233110,USD,
Hasbro Inc,-1,-1.515599966,64.98,2/13/2024,46.1,10/1/2024,73.46,507886,9064774980,USD,
HCA Healthcare Inc,-1.25,-0.390899986,318.5,12/8/2023,253.4,10/18/2024,417.11,440947,80675094500,USD,
Healthpeak Properties Inc,0.32,1.496700048,21.7,2/28/2024,16.02,10/24/2024,23.26,1737810,15177913100,USD,
Henry Schein Inc,1.98,2.712300062,74.98,8/6/2024,63.69,2/27/2024,82.58,542984,9348581380,USD,
Hershey Co/The,18.95,10.84720039,193.65,11/19/2024,168.16,5/14/2024,211.92,2126999,28610044650,USD,
Hess Corp,0.92,0.649999976,142.45,9/11/2024,123.98,4/29/2024,163.98,586528,43891409100,USD,
Hewlett Packard Enterprise Co,-0.84,-3.5072999,23.11,3/1/2024,14.47,12/6/2024,24.235,4927961,30012240590,USD,
Hilton Worldwide Holdings Inc,-8.46,-3.273200035,250,12/8/2023,170.42,12/6/2024,259.01,518450,60945000000,USD,
Hologic Inc,0.45,0.597299993,75.79,12/12/2023,68.15,8/9/2024,84.67,824634,17199858390,USD,
Home Depot Inc/The,-2.19,-0.507700026,429.18,5/29/2024,323.8,11/26/2024,439.37,749652,4.26332E+11,USD,
Honeywell International Inc,-1.29,-0.569800019,225.09,2/1/2024,189.73,11/12/2024,242.5,956238,1.46364E+11,USD,
Hormel Foods Corp,0.71,2.18659997,33.18,2/14/2024,28.51,5/20/2024,36.85,827428,18216251340,USD,
Host Hotels & Resorts Inc,0.14,0.744700015,18.94,8/5/2024,15.71,3/5/2024,21.305,3278657,13239609260,USD,
Howmet Aerospace Inc,-4.56,-3.854300022,113.75,12/14/2023,52.38,12/5/2024,120.69,654076,46212188750,USD,
HP Inc,0.25,0.690599978,36.45,4/24/2024,27.43,11/25/2024,39.79,1877780,35127521100,USD,
Hubbell Inc,-9.75,-2.110500097,452.22,12/8/2023,307.73,11/6/2024,479.74,88746,24271099620,USD,
Humana Inc,4.51,1.600800037,286.24,10/2/2024,213.31,12/13/2023,488.74,253659,34466444640,USD,
Huntington Bancshares Inc/OH,-0.33,-1.873900056,17.28,12/13/2023,11.775,11/25/2024,18.445,3702286,25104574080,USD,
Huntington Ingalls Industries,5.3,2.819900036,193.25,10/31/2024,184.58,3/5/2024,298.2,191945,7561679250,USD,
IDEX Corp,-0.06,-0.0261,229.65,8/5/2024,189.97,3/22/2024,246.05,108788,17389786950,USD,
IDEXX Laboratories Inc,14.99,3.440500021,450.68,11/21/2024,399.89,3/1/2024,583.25,264806,36903931800,USD,
Illinois Tool Works Inc,0.54,0.197400004,274.07,7/8/2024,232.84,11/27/2024,279.04,272924,80932871000,USD,
Incyte Corp,-3.81,-5.018400192,72.11,4/30/2024,50.35,11/8/2024,83.94,556087,13891991500,USD,
Ingersoll Rand Inc,0.26,0.254200011,102.54,12/8/2023,72.49,11/25/2024,106.01,479615,41324850480,USD,
Insulet Corp,-0.345,-0.129999995,265.12,5/13/2024,160.29,11/11/2024,279.36,199812,18596842400,USD,
Intel Corp,-0.11,-0.52579999,20.81,9/10/2024,18.515,12/27/2023,51.27,15393831,89753530000,USD,
Intercontinental Exchange Inc,0.14,0.0898,156.07,12/11/2023,113.97,10/30/2024,167.94,1083966,89611648320,USD,
International Business Machine,-8.04,-3.377599955,230,1/8/2024,157.9,12/9/2024,239.3,1588047,2.12668E+11,USD,
International Flavors & Fragra,0.21,0.236200005,89.13,2/28/2024,72.97,10/15/2024,106.77,428983,22788936660,USD,
International Paper Co,-1,-1.761199951,55.78,2/6/2024,32.73,11/25/2024,60.35,837664,19378418240,USD,
Interpublic Group of Cos Inc/T,1.04,3.55430007,30.3,11/18/2024,26.89,3/14/2024,35.15,6880132,11287022700,USD,
Intuit Inc,0.11,0.017000001,646.58,5/31/2024,557.76,11/13/2024,714.24,409144,1.80989E+11,USD,
Intuitive Surgical Inc,-11.55,-2.098400116,538.86,12/8/2023,308.62,12/6/2024,556.23,526329,1.91931E+11,USD,
Invesco Ltd,0.53,2.972500086,18.36,4/30/2024,14.16,11/6/2024,18.9,1449991,8251718400,USD,
Invitation Homes Inc,0.19,0.567300022,33.68,11/1/2024,31.01,9/4/2024,37.8,734957,20632570080,USD,
IQVIA Holdings Inc,3.81,1.880300045,206.44,11/18/2024,187.785,3/12/2024,261.66,444613,37468860000,USD,
Iron Mountain Inc,-5.82,-4.843500137,114.34,12/8/2023,64.66,10/25/2024,130.23,583755,33554216400,USD,
J M Smucker Co/The,1.37,1.176399946,117.83,6/26/2024,105.85,2/2/2024,134.33,322297,12538997280,USD,
Jabil Inc,-1.37,-1.00999999,134.27,8/5/2024,96.08,3/8/2024,156.8,273861,15151429610,USD,
Jack Henry & Associates Inc,1.79,1.034600019,174.8,6/13/2024,157,11/6/2024,189.63,193677,12753233200,USD,
Jacobs Solutions Inc,-1.68,-1.218899965,136.15,1/8/2024,105.104,11/13/2024,150.41,250464,16884914550,USD,
JB Hunt Transport Services Inc,1.39,0.768000007,182.38,6/14/2024,153.2,2/15/2024,219.5,226544,18389375400,USD,
Johnson & Johnson,0.29,0.194199994,149.6,4/18/2024,143.15,9/4/2024,168.83,1957275,3.6018E+11,USD,
Johnson Controls International,-0.42,-0.497999996,83.92,12/13/2023,51.7,11/11/2024,87.15,1061829,55570565200,USD,
JPMorgan Chase & Co,-3.55,-1.435199976,243.81,12/8/2023,156.99,11/29/2024,251.76,2497717,6.86408E+11,USD,
Juniper Networks Inc,0.61,1.670300007,37.13,12/8/2023,28.695,11/6/2024,39.44,765956,12293334570,USD,
Kellanova,-0.16,-0.198200002,80.58,3/14/2024,52.465,11/29/2024,81.31,436837,27775764840,USD,
Kenvue Inc,-0.03,-0.131300002,22.81,7/10/2024,17.675,11/26/2024,24.45,3620994,43732632170,USD,
Keurig Dr Pepper Inc,0.88,2.689500093,33.6,3/15/2024,28.62,9/24/2024,38.275,5389547,45576854400,USD,
KeyCorp,-0.33,-1.748800039,18.54,12/13/2023,12.94,11/25/2024,20.03,2475383,18378386820,USD,
Keysight Technologies Inc,0.8,0.465799987,172.53,8/7/2024,119.73,11/25/2024,175.39,234331,29941373790,USD,
Kimberly-Clark Corp,-1.78,-1.321200013,132.95,2/14/2024,117.7,9/5/2024,149.3,1048386,44336830750,USD,
Kimco Realty Corp,-0.15,-0.595499992,25.04,4/16/2024,17.58,11/29/2024,25.83,1164926,16879864640,USD,
Kinder Morgan Inc,-0.67,-2.412699938,27.1,2/13/2024,16.475,11/22/2024,28.81,3501281,60206444000,USD,
KKR & Co Inc,-5.66,-3.582099915,152.35,12/8/2023,75.16,11/29/2024,163.67,2086996,1.35322E+11,USD,
KLA Corp,4.03,0.621599972,652.37,12/8/2023,532,7/11/2024,896.32,410157,87261011200,USD,
Kraft Heinz Co/The,0.91,2.95359993,31.72,11/15/2024,30.4,4/25/2024,38.96,3938791,38355031000,USD,
Kroger Co/The,-1.46,-2.464999914,57.77,12/14/2023,43.515,12/5/2024,61.33,1728884,41795786220,USD,
L3Harris Technologies Inc,-4.88,-2.079799891,229.76,12/8/2023,193.34,11/11/2024,265.71,313137,43578119680,USD,
Labcorp Holdings Inc,3.43,1.474799991,236,5/31/2024,192.01,11/11/2024,247.99,163239,19738804000,USD,
Lam Research Corp,0.86,1.122900009,77.45,11/20/2024,68.87,7/11/2024,113,3902377,99653753250,USD,
Lamb Weston Holdings Inc,0.48,0.619099975,78.01,7/25/2024,52.99,1/4/2024,111.69,386515,11124069980,USD,
Las Vegas Sands Corp,1.18,2.185600042,55.17,8/5/2024,36.66,12/9/2024,56.56,1195336,39999684420,USD,
Leidos Holdings Inc,-2.84,-1.740700006,160.31,12/21/2023,105.63,11/12/2024,202.62,282380,21390644230,USD,
Lennar Corp,2.56,1.566200018,166.01,12/8/2023,136.69,9/19/2024,193,466671,39644350070,USD,
Linde PLC,-6.86,-1.526299953,442.58,2/5/2024,396.32,10/17/2024,487.31,864763,2.10738E+11,USD,
Live Nation Entertainment Inc,-2.77,-2.025399923,133.99,12/8/2023,82.41,11/25/2024,141.15,643559,31133112460,USD,
LKQ Corp,0.52,1.337100029,39.41,7/25/2024,35.57,3/28/2024,53.64,761121,10245023600,USD,
Lockheed Martin Corp,-3.02,-0.588699996,510.01,2/14/2024,414,10/21/2024,617.245,450439,1.2089E+11,USD,
Loews Corp,-1.08,-1.254600048,85,12/15/2023,67.21,11/27/2024,87.43,324685,18511045000,USD,
Lowe's Cos Inc,0.72,0.263300002,274.15,12/12/2023,205.9,10/15/2024,286.99,721920,1.54799E+11,USD,
Lululemon Athletica Inc,5.19,1.298799992,404.79,8/5/2024,226.19,12/29/2023,516.03,1064158,47226039720,USD,
LyondellBasell Industries NV,0.92,1.204300046,77.31,12/6/2024,76,5/8/2024,107,735145,25106963670,USD,
M&T Bank Corp,-4.53,-2.144299984,206.73,2/1/2024,128.4,11/25/2024,225.46,355837,34300848330,USD,
Marathon Petroleum Corp,2.04,1.351500034,152.98,12/12/2023,141.52,4/5/2024,221.08,868368,49166089220,USD,
MarketAxess Holdings Inc,1.04,0.433499992,240.97,6/25/2024,192.43,12/28/2023,296.94,163065,9085532880,USD,
Marriott International Inc/MD,-5.62,-1.920799971,286.97,8/5/2024,204.69,12/6/2024,295.35,513490,79746954210,USD,
Marsh & McLennan Cos Inc,-6.99,-3.104500055,218.17,12/20/2023,184.52,11/27/2024,235.08,975040,1.07148E+11,USD,
Martin Marietta Materials Inc,-6.48,-1.11500001,574.7,12/8/2023,463.54,11/6/2024,632.51,85570,35124514600,USD,
Masco Corp,0.23,0.283899993,81.24,12/8/2023,63.52,10/15/2024,86.64,560173,17527448760,USD,
Mastercard Inc,-5.75,-1.087800026,522.82,12/8/2023,409.46,11/29/2024,535.75,886739,4.76167E+11,USD,
Match Group Inc,0.46,1.396900058,33.39,5/8/2024,27.66,1/9/2024,42.35,1848375,8383928490,USD,
McCormick & Co Inc/MD,2.47,3.187099934,79.97,1/18/2024,63.9,9/16/2024,85.49,1106903,20167714270,USD,
McDonald's Corp,2.39,0.799399972,301.37,7/9/2024,243.58,10/21/2024,317.33,739921,2.15968E+11,USD,
McKesson Corp,-11.63,-1.927000046,591.9,12/15/2023,431.64,8/2/2024,635.97,222025,75135786000,USD,
Medtronic PLC,-0.05,-0.059500001,83.96,7/9/2024,75.97,10/24/2024,92.64,1775240,1.07661E+11,USD,
Merck & Co Inc,0.7,0.67900002,103.79,11/15/2024,94.5,6/25/2024,134.61,3646326,2.62551E+11,USD,
Meta Platforms Inc,-10.2,-1.635200024,613.57,12/11/2023,320,12/6/2024,629.76,3036614,1.33758E+12,USD,
MetLife Inc,-2.94,-3.449899912,82.28,12/8/2023,63.38,11/27/2024,89.05,1493308,56972317600,USD,
Mettler-Toledo International I,23.77,1.889600039,1281.69,12/8/2023,1087.88,5/17/2024,1535.86,30845,27047504070,USD,
MGM Resorts International,-0.06,-0.163699999,36.6,8/5/2024,33.46,4/1/2024,48.24,1239495,10897284000,USD,
Microchip Technology Inc,2.58,4.351500034,61.87,12/5/2024,57.96,5/24/2024,100.56,3061910,33224808700,USD,
Micron Technology Inc,1.65,1.630900025,102.82,12/8/2023,73.43,6/18/2024,157.52,4443587,1.1418E+11,USD,
Microsoft Corp,2.45,0.552299976,446.02,12/14/2023,364.13,7/5/2024,468.33,7456410,3.31611E+12,USD,
Mid-America Apartment Communit,0.21,0.132100001,159.15,2/13/2024,121.57,9/16/2024,167.32,186274,18601452000,USD,
Moderna Inc,1.21,2.722800016,45.65,11/15/2024,35.82,5/24/2024,170.35,2205326,17566941700,USD,
Mohawk Industries Inc,2.05,1.565799952,132.97,12/12/2023,90.82,7/31/2024,164,255005,8393199370,USD,
Molina Healthcare Inc,11.55,3.915400028,306.54,10/23/2024,272.74,3/27/2024,423.23,146571,17534088000,USD,
Molson Coors Beverage Co,0.44,0.719799995,61.57,6/14/2024,49.19,4/9/2024,69.18,443590,11917797050,USD,
Mondelez International Inc,-1.42,-2.259000063,61.44,12/9/2024,60.34,2/2/2024,77.19,5985841,82157199360,USD,
Monolithic Power Systems Inc,19.99,3.390000105,609.67,11/20/2024,546.74,8/29/2024,958,356265,29739702600,USD,
Monster Beverage Corp,0.94,1.798400044,53.21,8/8/2024,43.33,3/13/2024,61.225,2186749,51747789200,USD,
Moody's Corp,-4.24,-0.856999993,490.52,5/2/2024,360.35,11/27/2024,503.945,131225,88882224000,USD,
Morgan Stanley,-1.38,-1.06190002,128.58,12/8/2023,80.15,11/25/2024,136.23,2299783,2.07147E+11,USD,
Mosaic Co/The,0.43,1.680999994,26.01,9/11/2024,24.12,12/19/2023,38.3,977160,8261946450,USD,
Motorola Solutions Inc,-11.05,-2.255300045,478.91,12/21/2023,307.09,11/11/2024,507.505,428564,80035918110,USD,
MSCI Inc,1.32,0.2139,618.5,4/23/2024,439.98,10/29/2024,630,81974,48472463500,USD,
Nasdaq Inc,-1.44,-1.774700046,79.7,12/8/2023,53.615,11/29/2024,83.74,1153425,45808212600,USD,
NetApp Inc,-3.51,-2.677099943,127.6,1/8/2024,83.76,11/22/2024,135.1,668768,25941845600,USD,
Netflix Inc,-21.05,-2.252000093,913.69,12/11/2023,457.26,12/6/2024,935.19,1024451,3.90564E+11,USD,
Newmont Corp,0.62,1.508100033,41.73,2/28/2024,29.43,10/22/2024,58.72,2922700,47507518500,USD,
News Corp,0.03,0.102200001,29.38,12/8/2023,21.71,11/8/2024,30.02,734047,11132287660,USD,
News Corp,0.07,0.216700003,32.37,12/8/2023,22.72,12/3/2024,32.865,215381,6150461850,USD,
NextEra Energy Inc,-0.54,-0.717700005,74.7,3/4/2024,53.95,10/3/2024,86.1,1992106,1.53613E+11,USD,
NIKE Inc,-1.25,-1.584499955,77.64,7/25/2024,70.91,12/20/2023,123.39,2491277,92438028720,USD,
NiSource Inc,-0.45,-1.21420002,36.61,2/13/2024,24.8,11/27/2024,38.555,1447425,17088779190,USD,
Nordson Corp,1.03,0.404900014,255.43,6/11/2024,222.49,5/10/2024,279.29,119405,14605998260,USD,
Norfolk Southern Corp,-3.94,-1.510900021,256.84,6/25/2024,207.28,11/6/2024,277.52,382960,58107481600,USD,
Northern Trust Corp,0.68,0.630100012,108.6,2/13/2024,76.67,11/29/2024,111.84,719805,21526474800,USD,
Northrop Grumman Corp,5.52,1.165400028,479.17,6/14/2024,418.91,10/1/2024,555.31,211574,69812673150,USD,
Norwegian Cruise Line Holdings,-1.69,-6.112100124,25.96,8/5/2024,14.69,12/2/2024,28.635,2810239,11414819680,USD,
NRG Energy Inc,-3.19,-3.213799953,96.07,12/8/2023,47.34,11/29/2024,103.11,775149,19460515620,USD,
Nucor Corp,2.01,1.409800053,144.58,9/11/2024,133.42,4/9/2024,203,396799,33949263540,USD,
NVIDIA Corp,-3.63,-2.548399925,138.81,12/11/2023,45.83,11/21/2024,152.89,43529694,3.39946E+12,USD,
NVR Inc,173.68,1.941400051,9120.01,12/8/2023,6450,10/18/2024,9944,7104,27943710640,USD,
NXP Semiconductors NV,4.95,2.263799906,223.61,1/17/2024,201.58,7/17/2024,296.08,791862,56831823160,USD,
O'Reilly Automotive Inc,-2.88,-0.229000002,1254.9,1/8/2024,914.91,12/6/2024,1260.04,131469,72446631900,USD,
Occidental Petroleum Corp,1.18,2.48210001,48.72,12/6/2024,47.2,4/12/2024,71.18,2701002,45716070960,USD,
Old Dominion Freight Line Inc,0.93,0.458099991,203.93,6/6/2024,165.49,11/11/2024,233.23,558230,43538647140,USD,
Omnicom Group Inc,-10.6,-10.24950027,92.82,12/8/2023,81.45,11/6/2024,107,1803360,18108532260,USD,
ON Semiconductor Corp,1.16,1.743800044,67.68,4/22/2024,59.34,12/15/2023,86.75,2137356,28817940960,USD,
ONEOK Inc,-3.88,-3.559600115,105.12,12/13/2023,65.49,11/22/2024,118.03,926986,61409422080,USD,
Oracle Corp,-1.24,-0.646899998,190.45,12/13/2023,99.26,12/9/2024,198.3,2609686,5.27749E+11,USD,
Otis Worldwide Corp,1.07,1.072100043,100.87,1/17/2024,85.43,10/17/2024,106.24,499322,40293530200,USD,
PACCAR Inc,-1.05,-0.906099975,114.83,8/5/2024,90.05,3/28/2024,125.5,744065,60205483830,USD,
Packaging Corp of America,-3.23,-1.330000043,239.63,2/5/2024,159.86,11/25/2024,250.71,291035,21519972150,USD,
Palantir Technologies Inc,-3.88,-5.082499981,72.46,11/26/2024,63.9,12/9/2024,80.91,32064927,1.5801E+11,USD,
Palo Alto Networks Inc,-16.96,-4.17840004,388.94,2/21/2024,260.09,12/9/2024,410,866308,1.27611E+11,USD,
Paramount Global,0.18,1.637899995,11.17,6/18/2024,9.54,12/11/2023,17.49,2496190,6995458240,USD,
Parker-Hannifin Corp,-10.16,-1.459400058,686,12/8/2023,432.91,11/11/2024,711.38,157188,88301920000,USD,
Paychex Inc,-1.91,-1.337000012,140.95,4/2/2024,114.96,11/11/2024,150.7,677221,50727623100,USD,
Paycom Software Inc,-1.54,-0.651199996,234.94,7/9/2024,139.77,12/9/2024,237.99,177157,13547110280,USD,
PayPal Holdings Inc,0.12,0.133499995,90,2/8/2024,55.775,12/9/2024,93.64,3398148,90228510000,USD,
Pentair PLC,0.13,0.120200001,108.24,12/8/2023,66.7,11/27/2024,110.42,317962,17884603440,USD,
PepsiCo Inc,1.68,1.064700007,159.47,11/19/2024,155.85,5/16/2024,183.39,4314116,2.18791E+11,USD,
Pfizer Inc,0.37,1.437999964,26.1,11/15/2024,24.485,7/30/2024,31.535,7640800,1.47908E+11,USD,
PG&E Corp,-0.12,-0.590300024,20.21,2/13/2024,15.945,11/27/2024,21.72,5028147,53838429500,USD,
Philip Morris International In,-1.85,-1.417000055,128.71,4/15/2024,87.82,10/31/2024,134.14,1666459,2.00123E+11,USD,
Phillips 66,1.4,1.088000059,130.08,11/1/2024,119.79,4/5/2024,174.05,1301868,53721609120,USD,
Pinnacle West Capital Corp,-1.15,-1.255599976,90.44,2/8/2024,65.22,11/27/2024,95.4,406345,10283028000,USD,
PNC Financial Services Group I,-4.13,-1.979599953,204.5,12/8/2023,139.38,11/27/2024,216.11,439551,81142123500,USD,
Pool Corp,7.39,1.981600046,380.32,7/9/2024,293.89,3/8/2024,421.77,126387,14473457920,USD,
PPG Industries Inc,1.29,1.0273,126.86,8/7/2024,118.08,12/14/2023,151.07,761419,29431520000,USD,
PPL Corp,-0.45,-1.339300036,33.15,2/8/2024,25.35,11/29/2024,35.145,1345474,24463705500,USD,
Principal Financial Group Inc,-1.87,-2.215600014,82.53,8/5/2024,72.22,10/17/2024,91.97,351933,18876756780,USD,
Procter & Gamble Co/The,-3.03,-1.743199944,170.79,12/15/2023,142.5,11/27/2024,180.4,2246509,4.02218E+11,USD,
Progressive Corp/The,-6.7,-2.631999969,247.86,12/15/2023,148.631,11/27/2024,270.44,882177,1.45199E+11,USD,
Prologis Inc,3.42,3.053600073,115.42,5/2/2024,101.16,12/14/2023,137.52,1195848,1.06869E+11,USD,
Prudential Financial Inc,-4,-3.160599947,122.56,12/8/2023,99.43,11/27/2024,130.45,544796,43631360000,USD,
PTC Inc,-1.33,-0.662,199.59,9/11/2024,164.37,12/4/2024,202.775,209437,23976547110,USD,
Public Service Enterprise Grou,-2.1,-2.333300114,87.9,1/24/2024,56.86,11/27/2024,95.11,944544,43793977500,USD,
Public Storage,1.57,0.470099986,335.57,5/1/2024,256.31,10/1/2024,368.17,260465,58960655710,USD,
PulteGroup Inc,1.65,1.301100016,128.47,12/8/2023,93.99,10/21/2024,149.47,413739,26346884540,USD,
Qorvo Inc,1.18,1.726899981,69.51,12/6/2024,64.6,7/16/2024,130.97,1001476,6570571770,USD,
QUALCOMM Inc,1.23,0.771099985,160.74,12/8/2023,131.22,6/18/2024,230.63,3306833,1.78582E+11,USD,
Quanta Services Inc,-10.49,-3.155200005,321.98,1/23/2024,187.435,11/26/2024,349.85,258919,47528111760,USD,
Quest Diagnostics Inc,0.85,0.540199995,158.2,2/21/2024,123.3,11/25/2024,165.3,219713,17657493000,USD,
Ralph Lauren Corp,-2.61,-1.131100059,228.13,12/11/2023,132.32,12/6/2024,236.98,188083,9174704210,USD,
Raymond James Financial Inc,-1.87,-1.144400001,161.53,8/5/2024,104.4,11/29/2024,171.38,344419,32959388850,USD,
Realty Income Corp,0.31,0.551900029,56.48,4/17/2024,50.66,10/21/2024,64.87,1072482,49431917280,USD,
Regency Centers Corp,0.79,1.065700054,74.92,4/16/2024,56.535,11/29/2024,76.53,329635,13598354600,USD,
Regeneron Pharmaceuticals Inc,10,1.285300016,788,11/21/2024,736,8/29/2024,1210.97,376019,85160736000,USD,
Regions Financial Corp,-0.53,-2.018300056,25.73,12/13/2023,17.185,11/25/2024,27.96,2477026,23385070720,USD,
Republic Services Inc,-4.34,-2.003000021,212.34,12/15/2023,160.65,11/27/2024,220.58,312968,66494695680,USD,
ResMed Inc,3.35,1.387699962,244.76,12/11/2023,162.18,10/25/2024,260,214750,35929788960,USD,
Revvity Inc,3.83,3.288700104,120.29,12/12/2023,89.03,11/6/2024,129.5,224196,14639533580,USD,
Rockwell Automation Inc,3.3,1.1171,298.72,8/5/2024,243.94,12/29/2023,312.55,238832,33724591840,USD,
Rollins Inc,-0.74,-1.497400045,48.68,2/16/2024,40.41,11/13/2024,52.15,507088,23575967400,USD,
Roper Technologies Inc,-2.78,-0.504400015,548.42,5/2/2024,508.28,12/4/2024,580.085,212884,58806528180,USD,
Ross Stores Inc,-0.24,-0.153400004,156.24,5/2/2024,127.53,8/23/2024,163.555,1397921,51834651120,USD,
Royal Caribbean Cruises Ltd,-10.95,-4.2427001,247.14,2/20/2024,113.1,12/9/2024,258.31,570632,66449767500,USD,
RTX Corp,-1.41,-1.195000052,116.58,12/15/2023,79.68,10/22/2024,128.69,1858429,1.5517E+11,USD,
S&P Global Inc,-3.42,-0.661800027,513.35,4/16/2024,407.75,10/15/2024,533.29,462118,1.62989E+11,USD,
Salesforce Inc,-10.42,-2.878499985,351.57,5/30/2024,212,12/4/2024,369,1660098,3.36452E+11,USD,
SBA Communications Corp,2.88,1.306800008,223.26,5/1/2024,183.88,12/14/2023,258.63,306169,24005584980,USD,
Schlumberger NV,0.21,0.512700021,41.17,9/11/2024,38.665,3/28/2024,55.69,2527747,58138380180,USD,
Seagate Technology Holdings PL,0.46,0.467000008,98.97,1/9/2024,79.4,10/15/2024,115.32,772921,20935124100,USD,
Sempra,-0.82,-0.915199995,88.78,4/16/2024,66.4,11/25/2024,95.77,1183614,56233163220,USD,
ServiceNow Inc,-3.86,-0.343300015,1120.48,5/31/2024,638.38,12/6/2024,1136.25,261437,2.30819E+11,USD,
Sherwin-Williams Co/The,-8.51,-2.210599899,376.45,6/7/2024,282.45,11/25/2024,400.28,765038,94810061850,USD,
Simon Property Group Inc,0.37,0.203600004,182.11,12/8/2023,130.4,11/27/2024,186,446339,59417029700,USD,
Skyworks Solutions Inc,1.8,2.048500061,89.67,11/13/2024,82.185,7/16/2024,120.86,874800,14340116070,USD,
Smurfit WestRock PLC,-0.27,-0.494399995,54.34,8/9/2024,38.55,11/22/2024,56.98,729794,28269678580,USD,
Snap-on Inc,-3.17,-0.885999978,354.6,7/5/2024,252.98,11/27/2024,373.42,154635,18618982200,USD,
Solventum Corp,0.67,0.957700014,70.63,7/16/2024,47.19,3/26/2024,96.05,258742,12201615020,USD,
Southern Co/The,-0.5,-0.589600027,84.31,2/16/2024,65.8,10/24/2024,94.45,1438205,92288508230,USD,
Southwest Airlines Co,-0.28,-0.819199979,33.9,8/5/2024,23.585,12/5/2024,36.12,1503201,20331084300,USD,
Stanley Black & Decker Inc,1.34,1.586500049,85.8,7/1/2024,77.7,9/27/2024,110.61,820119,13227271200,USD,
Starbucks Corp,-0.8,-0.799099982,99.31,7/16/2024,71.56,11/25/2024,103.28,2243118,1.12598E+11,USD,
State Street Corp,1.02,1.036499977,99.43,6/14/2024,70.33,12/9/2024,100.33,1017637,29147904500,USD,
Steel Dynamics Inc,1.35,0.986100018,138.25,9/11/2024,104.61,11/6/2024,155.56,544818,21047871250,USD,
STERIS PLC,-0.26,-0.120399997,215.63,4/19/2024,198.11,9/13/2024,247.72,127527,21284190410,USD,
Stryker Corp,-3.91,-1.015499949,381.11,12/8/2023,286.48,11/18/2024,398.2,270499,1.45285E+11,USD,
Super Micro Computer Inc,0.23,0.523599982,44.16,11/15/2024,17.25,3/8/2024,122.9,19407059,25858550400,USD,
Synchrony Financial,0.01,0.0147,67.93,12/8/2023,34.72,12/9/2024,69.36,1081530,26448137920,USD,
Synopsys Inc,-8.79,-1.699300051,508.49,9/9/2024,457.79,2/22/2024,629.37,622671,78111182860,USD,
Sysco Corp,0.34,0.421200007,81.07,7/10/2024,69.06,2/2/2024,82.88,1038585,39823691820,USD,
T Rowe Price Group Inc,-0.24,-0.193800002,123.59,12/12/2023,97.54,12/6/2024,125.71,486713,27456630810,USD,
T-Mobile US Inc,-14.92,-6.120299816,228.86,12/26/2023,153.92,11/27/2024,248.14,2306814,2.65589E+11,USD,
Take-Two Interactive Software,-1.81,-0.954100013,187.9,8/8/2024,135.28,12/6/2024,191.84,529029,33000313300,USD,
Tapestry Inc,0.02,0.032099999,62.27,12/8/2023,32.91,12/3/2024,65.24,2391451,14511151720,USD,
Targa Resources Corp,-7.41,-3.812900066,186.93,1/18/2024,81.12,11/22/2024,209.87,633646,40762516590,USD,
Target Corp,2.9,2.190500021,135.29,11/20/2024,120.22,4/1/2024,181.72,1841872,61991501480,USD,
TE Connectivity PLC,-0.9,-0.590600014,151.5,1/17/2024,128.52,7/24/2024,159.93,559806,45323043000,USD,
Teledyne Technologies Inc,-2.81,-0.593400002,470.74,4/24/2024,355.7,11/8/2024,491.32,65495,21937425480,USD,
Teleflex Inc,2.39,1.29429996,187.04,12/9/2024,184.19,12/18/2023,257.85,108972,8686885760,USD,
Teradyne Inc,1.05,0.885999978,119.56,12/8/2023,91.87,7/16/2024,163.175,1057242,19471780720,USD,
Tesla Inc,0.57,0.146400005,389.79,4/22/2024,138.82,12/9/2024,404.8,20878714,1.25125E+12,USD,
Texas Instruments Inc,0.35,0.181299999,193.45,2/13/2024,155.46,11/8/2024,220.385,1546081,1.76468E+11,USD,
Texas Pacific Land Corp,-11.4,-0.851700008,1327.04,2/13/2024,468.38,11/25/2024,1761.85,57955,30488744000,USD,
Textron Inc,-0.23,-0.278200001,82.43,12/8/2023,75.7,4/8/2024,97.25,386104,15291754160,USD,
The Campbell's Company,0.38,0.889299989,43.11,12/5/2024,42.37,9/10/2024,52.8,1044528,12851478990,USD,
Thermo Fisher Scientific Inc,7.87,1.486700058,537.23,12/8/2023,488.31,9/10/2024,627.88,695870,2.0549E+11,USD,
TJX Cos Inc/The,-0.19,-0.150700003,125.9,12/8/2023,88.43,11/27/2024,128,1700698,1.41531E+11,USD,
Tractor Supply Co,1.27,0.449600011,283.73,12/27/2023,209.07,10/15/2024,307.59,701395,30313429470,USD,
Trane Technologies PLC,-10.54,-2.557100058,401.64,12/8/2023,232.81,11/13/2024,421.78,457721,90378639360,USD,
TransDigm Group Inc,-20.72,-1.619699955,1258.49,1/3/2024,920.72,10/14/2024,1423.2,45696,70764892700,USD,
Travelers Cos Inc/The,-9.23,-3.534399986,251.92,12/8/2023,180.67,10/18/2024,269.15,717200,57190626480,USD,
Trimble Inc,-0.25,-0.333999991,74.61,12/8/2023,46.49,12/4/2024,76.97,401911,18220358880,USD,
Truist Financial Corp,-0.46,-0.97329998,46.8,12/8/2023,33.74,11/25/2024,49.05,2274783,62127982800,USD,
Tyler Technologies Inc,-1.38,-0.221499994,621.77,4/16/2024,398.59,11/27/2024,636.77,67340,26611134230,USD,
Tyson Foods Inc,0,0,62.64,12/13/2023,49.98,9/9/2024,66.86,626118,17905957200,USD,
Uber Technologies Inc,-0.35,-0.529600024,65.74,8/5/2024,54.99,10/11/2024,86.995,5685283,1.38429E+11,USD,
UDR Inc,0.05,0.111500002,44.89,2/13/2024,34.19,9/16/2024,47.54,600188,14811904400,USD,
Ulta Beauty Inc,-10.16,-2.372900009,418.01,8/12/2024,318.21,3/14/2024,573.16,457348,19384377730,USD,
Union Pacific Corp,1.31,0.564100027,233.54,6/14/2024,218.57,2/26/2024,258.61,1066805,1.41585E+11,USD,
United Airlines Holdings Inc,-4.26,-4.248099804,96.02,8/5/2024,37.02,12/5/2024,105.06,1835528,31571664060,USD,
United Parcel Service Inc,2.92,2.324700117,128.53,8/7/2024,123.25,12/18/2023,163.8,1340327,94002986100,USD,
United Rentals Inc,-23.03,-2.681299925,835.89,12/8/2023,483.81,11/11/2024,896.2,110975,54852773580,USD,
UnitedHealth Group Inc,13.1,2.39260006,560.62,4/12/2024,436.39,11/11/2024,630.445,1573473,5.1593E+11,USD,
Universal Health Services Inc,-1.37,-0.70539999,192.85,12/8/2023,133.78,9/24/2024,242.63,128283,11323187750,USD,
US Bancorp,-0.87,-1.667299986,51.31,6/11/2024,37.815,11/27/2024,53.97,1683274,80045241920,USD,
Valero Energy Corp,3.03,2.303800106,134.55,12/12/2023,120.22,4/5/2024,184.72,739322,42596511750,USD,
Ventas Inc,-0.59,-0.957000017,61.06,4/16/2024,41.45,10/31/2024,67.61,824928,25605816300,USD,
Veralto Corp,0.22,0.206499994,106.75,1/16/2024,74.07,10/24/2024,115,371033,26400129000,USD,
VeriSign Inc,9.32,4.875999928,200.46,5/2/2024,167.045,12/14/2023,220.74,337126,19264206000,USD,
Verisk Analytics Inc,-2.15,-0.749000013,284.91,4/30/2024,217.34,11/27/2024,296.53,359806,40232426010,USD,
Verizon Communications Inc,-0.01,-0.023600001,42.36,12/13/2023,36.465,9/30/2024,45.36,4235553,1.7832E+11,USD,
Vertex Pharmaceuticals Inc,11.88,2.570899963,473.98,12/8/2023,348.65,11/8/2024,519.74,439091,1.22064E+11,USD,
Viatris Inc,0.08,0.628899992,12.8,12/12/2023,9.745,2/23/2024,13.61,2063479,15277990400,USD,
VICI Properties Inc,0.11,0.347600013,31.76,4/16/2024,27.08,9/16/2024,34.29,1634728,33130031120,USD,
Visa Inc,-2.71,-0.871399999,308.3,7/25/2024,252.74,12/2/2024,317.41,1819280,5.33174E+11,USD,
Vistra Corp,-11.67,-7.294700146,148.31,12/8/2023,36.45,11/21/2024,167.52,1210076,50458918060,USD,
Vulcan Materials Co,-5.63,-1.962599993,281.23,12/8/2023,213.63,11/6/2024,297.75,160679,37139515030,USD,
W R Berkley Corp,-0.91,-1.445600033,62.04,12/21/2023,45.2644,11/27/2024,65.46,381246,23641520760,USD,
Walgreens Boots Alliance Inc,0.29,3.387900114,8.85,11/21/2024,8.085,1/2/2024,27.05,5776015,7651860450,USD,
Walmart Inc,-1.87,-1.953999996,93.83,12/11/2023,49.8467,12/6/2024,96.17,5421408,7.53773E+11,USD,
Walt Disney Co/The,-2.12,-1.816200018,114.61,8/8/2024,83.92,3/28/2024,123.73,1852046,2.07552E+11,USD,
Warner Bros Discovery Inc,-0.1,-0.93809998,10.56,8/13/2024,6.645,12/14/2023,12.69,14316990,25905422400,USD,
Waste Management Inc,-4.72,-2.124300003,217.47,12/8/2023,171.16,11/27/2024,230.23,450445,87284846550,USD,
Waters Corp,7.96,2.072599888,392.01,7/1/2024,279.39,12/4/2024,395.29,87082,23275985760,USD,
WEC Energy Group Inc,0.02,0.0206,97.11,2/13/2024,75.14,11/27/2024,102.77,440277,30721136940,USD,
Wells Fargo & Co,-1.71,-2.300600052,72.62,12/8/2023,45.13,11/26/2024,78.125,4606400,2.41788E+11,USD,
Welltower Inc,-1.92,-1.461500049,129.45,2/2/2024,85.45,11/27/2024,140.7,1142500,80607220500,USD,
West Pharmaceutical Services I,-0.33,-0.102300003,322.16,7/25/2024,267.155,2/7/2024,413.7,90113,23331471520,USD,
Western Digital Corp,-0.33,-0.464300007,70.74,12/8/2023,47.13,6/18/2024,81.53,964545,24455383920,USD,
Westinghouse Air Brake Technol,-2.72,-1.324200034,202.69,12/8/2023,118,12/9/2024,207.41,678174,34840384100,USD,
Weyerhaeuser Co,0.45,1.438199997,31.74,7/5/2024,26.73,3/28/2024,36.25,1041945,23061712680,USD,
Williams Cos Inc/The,-2.18,-3.834700108,54.67,2/14/2024,32.66,11/22/2024,60.33,3030896,66643386040,USD,
Willis Towers Watson PLC,-10.35,-3.208600044,312.22,12/15/2023,234.06,12/5/2024,334.99,427671,31448359500,USD,
WW Grainger Inc,-23.11,-1.949900031,1162.05,1/3/2024,801.01,11/25/2024,1226.8,59095,56591835000,USD,
Wynn Resorts Ltd,1.57,1.663699985,95.94,8/5/2024,71.63,4/4/2024,110.38,795316,10535651100,USD,
Xcel Energy Inc,-0.63,-0.903400004,69.11,3/6/2024,46.79,11/27/2024,73.375,1268536,41141874100,USD,
Xylem Inc/NY,2.98,2.358200073,129.35,12/8/2023,105.87,5/21/2024,146.075,578363,31424935750,USD,
Yum! Brands Inc,1.45,1.053500056,139.08,12/8/2023,124.19,4/29/2024,143.2,443143,38813333760,USD,
Zebra Technologies Corp,1.91,0.466600001,411.23,12/8/2023,232.29,12/9/2024,413.27,104220,21211243400,USD,
Zimmer Biomet Holdings Inc,1.44,1.332999945,109.47,10/9/2024,101.47,3/28/2024,133.67,408064,21792630780,USD,
Zoetis Inc,1.69,0.957700014,178.15,4/22/2024,144.82,12/14/2023,201.82,525572,80375044750,USD,